"","Sample_Name","Al","Si","P","S","K","Ca","Ti","V","Cr","Mn","Fe","Ni","Cu","Zn","As","Rb","Sr","Y","Zr","Nb","Mo","Sn","Ta","Hg","Pb","Th","U","LE","BD","Skeleton","pH","SOC"
"1","B1-11",3.3145,17.46,0.3845,NA,2.8404,0.8775,0.2418,0.0317,NA,0.0515,2.0139,0.0016,NA,0.0063,5e-04,0.0143,0.0303,0.0016,0.0154,0.0012,9e-04,NA,0.0054,NA,0.0036,0.0026,6e-04,72.7,1.713,18.539,7.86,0.533
"2","B1-20",3.3664,17.38,0.3773,NA,2.8371,0.6716,0.23,0.0319,NA,0.0471,2.0824,0.0013,NA,0.0058,6e-04,0.0148,0.0303,0.0016,0.0159,0.0011,8e-04,NA,0.005,NA,0.0027,0.0025,NA,72.89,2.131,16.277,7.79,0.471
"3","B1-31",3.3691,17.99,0.3944,NA,2.7959,0.7086,0.2401,0.0303,NA,0.0425,2.0178,0.0016,NA,0.0058,5e-04,0.0141,0.0302,0.0018,0.0167,0.0011,9e-04,NA,0.0057,NA,0.0029,0.0025,NA,72.32,2.002,11.585,8.05,0.292
"4","B1-A",2.9728,20.05,0.3716,NA,3.3428,0.5477,0.1502,0.0199,NA,0.0212,0.9041,NA,NA,0.0016,3e-04,0.017,0.0088,0.0037,0.0201,0.0014,8e-04,NA,0.005,NA,8e-04,0.0036,9e-04,71.55,1.841,13.897,8.44,0.385
"5","B2-15",3.0962,17.71,0.3811,NA,2.753,0.8004,0.2361,0.0301,NA,0.0434,1.7999,0.0013,NA,0.0048,NA,0.0142,0.031,0.0018,0.0126,0.0013,0.001,NA,0.0049,NA,0.0032,0.0026,6e-04,73.07,2.14,17.09,7.02,0.532
"6","B2-18",3.3299,17.06,0.3831,NA,2.9504,0.6102,0.2284,0.0344,NA,0.0415,1.9126,0.0014,NA,0.005,NA,0.015,0.0332,0.0016,0.0133,0.0011,9e-04,NA,0.0061,NA,0.0034,0.0026,NA,73.37,2.022,12.881,6.68,0.436
"7","B2-20",3.3226,17.13,0.3623,NA,2.8845,0.5925,0.1995,0.029,NA,0.0359,1.8176,NA,NA,0.0048,4e-04,0.0146,0.0302,0.0016,0.0107,0.001,7e-04,NA,0.006,NA,0.0024,0.0027,8e-04,73.55,2.228,21.123,6.8,0.262
"8","B3-03",3.1162,17.31,0.393,NA,2.7649,1.3364,0.2303,0.0105,NA,0.0392,2.1594,NA,NA,0.0044,4e-04,0.0224,0.0109,0.0063,0.01,0.0025,6e-04,NA,0.0059,NA,0.003,0.0036,0.0014,72.57,2.229,17.669,6.25,1.689
"9","B3-04",3.3908,17.1,0.3784,NA,3.1114,0.5097,0.2488,0.0304,NA,0.041,1.9773,0.0022,NA,0.0055,4e-04,0.0156,0.0303,0.0016,0.0137,0.0013,0.001,NA,0.0059,NA,0.0034,0.0027,6e-04,73.13,1.924,21.257,6.18,0.553
"10","B3-21",3.3354,17.44,0.3924,NA,2.8916,0.6402,0.2532,0.0325,NA,0.0471,2.0805,0.0017,NA,0.0061,6e-04,0.0149,0.0303,0.0017,0.0145,0.0013,8e-04,NA,0.0055,NA,0.0029,0.0031,NA,72.81,1.93,15.712,6.87,0.52
"11","B3-23",3.3905,17.79,0.4025,NA,2.7823,0.6978,0.2427,0.031,NA,0.051,2.0778,0.0013,NA,0.0064,4e-04,0.0148,0.0304,0.0017,0.0124,0.0012,7e-04,NA,0.0053,NA,0.0032,0.0032,NA,72.45,2.272,14.447,7.49,0.491
"12","B3-29",3.4862,17.2,0.409,NA,2.945,0.8698,0.2794,0.0323,NA,0.0513,2.3367,0.0014,NA,0.0065,6e-04,0.0156,0.0328,0.0019,0.0176,0.0011,7e-04,NA,0.0057,NA,0.0032,0.0025,NA,72.3,1.903,15.059,8.61,0.585
"13","B4-03",3.3965,17.94,0.3891,NA,3.0255,0.5372,0.2463,0.0285,NA,0.0403,1.8732,0.0015,NA,0.0057,4e-04,0.015,0.0303,0.0017,0.0148,0.0011,8e-04,NA,0.0059,NA,0.0029,0.0022,NA,72.44,2.223,19.24,6.38,1.689
"14","B4-07",3.3271,17,0.3782,NA,2.9817,0.4818,0.2211,0.0315,NA,0.0457,2.2496,0.0014,NA,0.0062,7e-04,0.0156,0.0273,0.0016,0.0122,0.0012,9e-04,NA,0.0051,NA,0.0028,0.0026,7e-04,73.21,1.906,29.403,6.2,1.147
"15","B4-19",3.575,17.67,0.4235,NA,3.1273,0.567,0.2557,0.0327,NA,0.043,2.0096,0.0019,NA,0.0064,4e-04,0.0155,0.0321,0.0017,0.0166,0.0011,6e-04,0.0027,0.0054,NA,0.0029,0.0027,6e-04,72.21,2.365,24.06,6.69,0.563
"16","B4-22",3.3125,16.92,0.3966,NA,2.899,0.5944,0.2525,0.0297,NA,0.0461,2.0425,NA,NA,0.0067,5e-04,0.0154,0.0318,0.0018,0.0151,0.0013,8e-04,NA,0.0052,NA,0.0036,0.0021,NA,73.43,1.777,21.74,5.85,1.728
"17","B4-24",3.4279,18.01,0.4102,NA,3.1977,0.4433,0.2386,0.034,NA,0.0405,1.9241,NA,NA,0.0054,5e-04,0.0159,0.0297,0.0017,0.0156,0.0011,4e-04,NA,0.0054,NA,0.0032,0.0022,NA,72.2,2.234,18.105,6.24,0.663
"18","BR1-06",3.2098,15.06,0.3935,0.0607,1.0606,0.6563,0.4689,0.0091,NA,0.0731,7.1171,NA,0.0027,0.0103,0.0058,0.0059,0.0093,0.003,0.0425,0.0015,7e-04,NA,0.0051,NA,0.002,0.0023,NA,71.8,1.762230088,38.581,5.13,1.881
"19","BR1-15",3.188,13.55,0.3527,0.1026,0.9782,0.7212,0.3045,0.0137,NA,0.1435,7.8524,0.0043,0.0082,0.0198,0.0054,0.0054,0.0073,0.0029,0.0255,0.001,9e-04,NA,0.0044,NA,0.0018,0.0025,NA,72.7,1.579342478,35.697,6.36,2.046
"20","BR1-18",3.3235,13.85,0.3804,0.1183,1.0424,0.5325,0.4224,0.0134,NA,0.051,7.9612,NA,0.0035,0.0084,0.0039,0.0058,0.0081,0.0026,0.0323,0.0018,0.001,NA,0.0051,NA,0.002,0.0036,NA,72.23,1.614651327,44.312,5.13,1.992
"21","BR2-06",2.9391,14.17,0.3892,0.1063,0.7517,1.2026,0.4409,0.0122,NA,0.0606,7.2126,NA,0.003,0.0089,0.0025,0.004,0.0137,0.0023,0.0301,0.0013,0.001,NA,0.004,NA,0.002,0.0022,NA,72.64,1.761302655,43.919,4.59,1.503
"22","BR2-09",3.16,15.97,0.4016,0.0608,0.9652,0.6746,0.4341,0.0104,NA,0.0655,6.422,NA,0.0016,0.0093,0.0022,0.0053,0.0085,0.0023,0.0372,0.0014,8e-04,NA,0.0044,NA,0.0011,0.002,NA,71.76,1.73799646,40.12,5.32,1.41
"23","BR2-12",3.1232,14.96,0.3829,0.099,1.3882,0.3534,0.4352,0.0182,NA,0.047,6.0283,NA,NA,0.0056,0.002,0.0081,0.0083,0.0026,0.0442,0.0017,9e-04,NA,0.0054,NA,0.0017,0.0023,NA,73.08,1.53829292,37.532,4.28,1.509
"24","BR2-13",3.2364,15.89,0.398,0.0548,1.3832,0.4585,0.468,0.0108,NA,0.0436,5.1788,NA,NA,0.0069,0.002,0.0074,0.0118,0.0024,0.039,0.002,0.001,NA,0.0043,NA,0.0013,0.003,NA,72.8,1.582540708,42.658,4.23,1.463
"25","BR2-15",3.1271,16.4,0.3774,0.0601,1.1336,0.4873,0.4673,NA,NA,0.0455,5.7476,NA,0.0013,0.0071,0.0029,0.0062,0.0084,0.0025,0.0411,0.0017,9e-04,NA,0.0046,NA,0.0015,0.003,6e-04,72.07,1.565253982,40.943,4.78,1.435
"26","BR3-01",3.121,15.78,0.3631,0.0466,1.2236,0.5317,0.4189,0.0169,NA,0.0548,5.5378,NA,0.0017,0.0059,0.0027,0.0068,0.0121,0.0026,0.0404,0.002,0.001,NA,0.0046,NA,0.0013,0.003,NA,72.82,1.496317699,33.732,4.43,1.37
"27","BR3-03",3.0972,14.15,0.3351,0.0894,1.2305,0.5018,0.4307,0.0166,NA,0.062,6.1169,NA,NA,0.0075,0.0026,0.0072,0.0108,0.0028,0.0423,0.002,0.0012,NA,0.0047,NA,0.0016,0.0025,NA,73.88,1.633723894,48.72,4.3,2.051
"28","BR3-05",3.4976,14.77,0.369,0.068,1.3942,0.5882,0.5027,0.0203,NA,0.0589,5.9524,NA,NA,0.0071,0.0034,0.0081,0.013,0.0027,0.0365,0.0018,8e-04,NA,0.0055,NA,0.0019,0.003,NA,72.69,1.355376991,34.232,3.94,2.02
"29","BR3-14",3.3906,15.43,0.3855,0.0764,1.2817,0.5489,0.4633,0.0228,NA,0.0559,5.6112,0.0015,0.0015,0.0066,0.0028,0.0072,0.0109,0.0026,0.0433,0.0018,8e-04,NA,0.0047,NA,0.0014,0.002,NA,72.64,1.619020354,36.231,4.12,1.513
"30","BR3-15",2.9449,12.08,0.363,0.2294,1.1266,0.6132,0.3968,0.0141,NA,0.0238,9.1485,NA,0.0027,0.0055,0.0029,0.0069,0.0135,0.0028,0.0311,0.0017,8e-04,NA,0.0054,NA,0.0023,0.0023,7e-04,72.98,1.740980531,32.657,3.36,1.95
"31","BR3-18",2.9169,16.34,0.3859,0.0738,1.1031,0.4236,0.426,0.0102,NA,0.0412,4.5163,NA,NA,0.0049,0.0021,0.0063,0.0092,0.0025,0.0457,0.0016,8e-04,NA,0.0043,NA,0.001,0.0015,NA,73.69,1.546342478,38.682,4.24,1.454
"32","BR4-01",3.3429,14.61,0.383,0.0504,1.2816,0.5476,0.4438,0.0236,NA,0.0412,6.0439,NA,NA,0.0061,0.0028,0.0073,0.0121,0.0027,0.0389,0.0015,7e-04,NA,0.006,NA,0.0014,0.0027,5e-04,73.15,1.290190265,27.107,4.59,2.291
"33","BR4-07",3.4748,13.85,0.4008,0.0862,1.3535,0.4711,0.4724,0.0186,NA,0.0366,6.8496,NA,0.0014,0.0072,0.0028,0.0079,0.0133,0.0027,0.0361,0.002,9e-04,0.0034,0.0051,NA,0.0019,0.0022,NA,72.9,0.721153982,46.212,4.52,5.869
"34","BR4-09",3.2263,14.81,0.3593,0.0562,1.3139,0.4666,0.4512,0.0109,0.0041,0.0454,5.9164,NA,NA,0.0063,0.0022,0.0073,0.0114,0.0026,0.0345,0.0017,0.0011,NA,0.0047,NA,0.0017,0.0024,NA,73.27,1.395445133,35.679,4.37,2.154
"35","BR4-16",2.9514,15.19,0.3968,0.1259,1.0039,0.5042,0.4497,0.0185,NA,0.0405,5.2247,NA,NA,0.0057,0.0024,0.0057,0.0112,0.0025,0.0437,0.0016,7e-04,NA,0.0043,NA,0.0012,0.0022,NA,74.01,1.640149558,40.113,4.47,1.821
"36","BR4-17",3.2408,14.48,0.3548,0.0496,1.3021,0.4936,0.4483,0.0119,NA,0.0472,5.7338,0.0015,NA,0.007,0.0022,0.0077,0.0114,0.0025,0.0365,0.0018,9e-04,NA,0.0051,NA,0.0015,0.0026,NA,73.76,1.370574336,40.717,4.62,2.008
"37","GB1-04",3.1498,17.74,0.382,0.0216,2.458,2.0258,0.3505,0.0235,NA,0.0477,2.8065,0.0021,NA,0.0068,0.0011,0.0098,0.007,0.0038,0.0279,0.0014,7e-04,NA,0.0042,NA,0.0021,0.0025,NA,70.93,2.041,15.712,8.9,0.677
"38","GB1-06",3.3944,17.75,0.3717,NA,2.7854,1.2055,0.3195,0.0162,NA,0.0523,3.3123,0.0026,NA,0.0105,0.0016,0.0118,0.0056,0.0029,0.0209,0.0012,7e-04,NA,0.0053,NA,0.0031,0.0027,NA,70.72,1.639,22.923,8.42,0.617
"39","GB1-08",3.1243,18.39,0.3489,NA,2.6223,0.5943,0.3024,0.021,NA,0.0433,2.5383,0.0015,NA,0.0061,9e-04,0.0097,0.0049,0.0033,0.0195,0.0012,6e-04,NA,0.0041,NA,0.0024,0.0027,NA,71.96,1.73,12.216,8.52,0.562
"40","GB1-10",3.0468,18.51,0.3588,NA,2.4995,0.4985,0.2946,0.0198,NA,0.0406,2.68,0.0014,NA,0.0062,7e-04,0.0097,0.0047,0.0029,0.0187,0.0011,8e-04,NA,0.0049,NA,0.0017,0.0025,NA,72,1.688,18.772,8.2,0.465
"41","GB1-12",2.8553,17.43,0.3442,0.0258,2.2924,0.9141,0.3858,0.0194,NA,0.051,2.847,0.0019,0.0013,0.0071,0.001,0.0091,0.0057,0.0032,0.033,0.0016,8e-04,NA,0.0033,NA,0.0024,0.0021,6e-04,72.76,1.612,19.16,8.53,0.484
"42","GB2-05",3.5451,15.97,0.3363,NA,2.9842,2.6448,0.351,0.0305,0.0047,0.0564,3.2377,0.0019,NA,0.0083,0.0015,0.0127,0.0067,0.0038,0.0195,0.0014,8e-04,NA,0.0056,5e-04,0.0026,0.0024,5e-04,70.77,1.454,18.759,8.62,0.574
"43","GB2-06",3.782,16.65,0.3339,NA,3.4579,0.5797,0.3277,0.0205,NA,0.0543,3.2042,0.0024,NA,0.0098,0.0013,0.0141,0.004,0.0038,0.0264,0.0016,8e-04,0.0037,0.0058,NA,0.0028,0.0037,7e-04,71.51,1.674,21.607,8.71,0.261
"44","GB2-08",2.9907,17.72,0.3309,NA,2.5219,1.7306,0.2458,0.0137,NA,0.0388,2.4409,0.0017,NA,0.007,8e-04,0.0096,0.006,0.0029,0.0158,0.0011,8e-04,NA,0.0041,NA,0.0019,0.0025,NA,71.92,1.612,9.891,8.81,0.327
"45","GB2-10",3.0669,17.68,0.3409,NA,2.8188,0.386,0.27,0.0195,NA,0.0443,2.6212,0.0018,NA,0.0075,0.0012,0.0104,0.005,0.0025,0.0143,0.0013,9e-04,NA,0.0044,NA,0.0022,0.0037,NA,72.7,1.819,33.925,8.21,0.377
"46","GB2-13",3.1181,18.81,0.3719,NA,2.6516,0.4538,0.2691,0.0113,NA,0.04,2.2983,0.0013,NA,0.0058,9e-04,0.0092,0.0047,0.0025,0.0153,0.0011,7e-04,NA,0.0044,NA,0.0018,0.0022,NA,71.93,1.538,6.514,8.49,0.35
"47","GB3-04",3.0886,15.97,0.3185,NA,2.6731,0.9562,0.3959,0.0233,0.0053,0.0504,3.1595,0.0023,NA,0.0078,0.0012,0.0115,0.0049,0.0039,0.0271,0.0018,0.0011,NA,0.0051,NA,0.0024,0.0028,6e-04,73.29,1.566,0,8.67,0.712
"48","GB3-06",3.4018,17.12,0.3625,NA,2.8337,0.6512,0.3299,0.0206,NA,0.0589,3.1749,0.0032,NA,0.007,0.0014,0.0117,0.0047,0.0037,0.0229,0.0015,8e-04,NA,0.0048,NA,0.0028,0.0022,NA,71.98,1.657,18.754,8.17,0
"49","GB3-08",3.2561,17.76,0.3662,NA,2.8478,0.2715,0.3086,0.0157,NA,0.0472,2.5476,0.0024,NA,0.0065,0.001,0.0104,0.0042,0.0034,0.0204,0.0013,9e-04,NA,0.0051,NA,0.0024,0.0024,5e-04,72.52,1.77,18.128,7.44,0.528
"50","GB3-09",3.2487,18.56,0.3817,NA,2.7757,0.2876,0.296,0.0257,NA,0.0425,2.6043,0.0018,NA,0.0068,0.0012,0.0101,0.0047,0.0029,0.0189,0.0014,8e-04,NA,0.0044,NA,0.002,0.0023,NA,71.72,1.826,28.631,7.78,0.39
"51","GB3-11",2.9093,17.03,0.3403,NA,2.6315,0.9211,0.296,0.0263,NA,0.0482,2.5594,0.0019,NA,0.0069,0.0012,0.0102,0.0072,0.0033,0.0198,0.0016,0.0011,NA,0.0053,NA,0.0027,0.0033,NA,73.17,1.504,11.586,8.48,0.57
"52","GLIA-02",4.0607,16.31,0.3445,NA,3.5803,0.1388,0.3597,0.0196,NA,0.0537,3.7564,0.0033,NA,0.0092,0.0066,0.0158,0.0036,0.0036,0.0175,0.0015,8e-04,NA,0.0058,5e-04,0.0033,0.0025,5e-04,71.3,1.597,28.532,6.4,1.018
"53","GLIA-04",3.6819,16.82,0.3437,NA,3.1084,0.1948,0.4115,0.0249,NA,0.0461,3.2973,0.0025,NA,0.0078,0.001,0.0133,0.0038,0.0033,0.0222,0.0017,9e-04,NA,0.0053,NA,0.0028,0.0037,6e-04,72,1.64,20.396,6.48,1.738
"54","O104a",3.2428,20.38,0.3713,NA,3.5495,0.5941,0.1444,0.0113,NA,0.0274,1.1484,NA,NA,0.0021,NA,0.0191,0.0083,0.0034,0.0195,0.0019,6e-04,NA,0.0048,NA,0.0014,0.0032,5e-04,70.46,1.503628319,37.966,6.94,0.431
"55","O104b",2.9234,20.37,0.3712,NA,3.4931,0.5241,0.1232,0.016,NA,0.0198,0.9868,NA,NA,0.0014,NA,0.017,0.0093,0.0045,0.0321,0.0017,7e-04,NA,0.0049,NA,0.0014,0.0071,0.0011,71.09,2.41920354,NA,7,0.87
"56","O108",2.7558,20.03,0.3439,NA,3.4424,0.4836,0.0997,0.0127,NA,0.0201,0.8015,NA,NA,0.0016,4e-04,0.017,0.0081,0.0029,0.0205,0.0015,6e-04,NA,0.0052,NA,8e-04,0.0043,7e-04,71.94,1.651238938,56.317,7.18,0.677
"57","O115",2.8908,20.37,0.3567,NA,2.9714,0.617,0.0805,NA,NA,0.0245,0.9466,NA,NA,0.0018,NA,0.0165,0.0087,0.0023,0.0078,0.0014,7e-04,NA,0.0045,NA,0.0012,0.0031,NA,71.7,1.864070796,43.804,7.06,0.645
"58","O19",2.9164,19.5,0.3326,NA,3.3242,0.5668,0.1211,0.0107,NA,0.0239,1.0459,NA,NA,0.0017,NA,0.0171,0.0084,0.0028,0.0227,0.0016,6e-04,NA,0.0042,NA,0.0014,0.0037,7e-04,72.1,1.630353982,32.424,4.85,1.923
"59","O2",3.081,19.48,0.355,NA,3.4745,0.62,0.1465,0.0184,NA,0.0295,1.313,NA,NA,0.0027,NA,0.0187,0.009,0.0039,0.0188,0.0017,0.001,NA,0.0049,NA,0.0018,0.0033,8e-04,71.42,1.455309735,45.556,4.5,0.714
"60","O23",2.9472,18.98,0.3496,NA,3.3531,0.6678,0.1833,0.0161,NA,0.0274,1.2857,NA,NA,0.0025,NA,0.0183,0.0097,0.0044,0.0266,0.002,8e-04,NA,0.0056,NA,0.0013,0.0038,9e-04,72.11,1.520530973,23.161,4.84,1.081
"61","O28",2.8501,19.81,0.3535,NA,3.287,0.5776,0.1263,NA,NA,0.0243,1.0896,NA,NA,0.0022,NA,0.0183,0.0083,0.0034,0.0164,0.0017,8e-04,NA,0.0045,NA,0.0015,0.0039,6e-04,71.82,2.108318584,39.466,5.31,0.759
"62","O38",2.9323,18.96,0.3342,NA,3.5138,0.6286,0.1413,0.0118,NA,0.0253,1.1397,NA,NA,0.002,4e-04,0.019,0.0092,0.0037,0.0156,0.0017,9e-04,NA,0.0054,NA,0.0012,0.0048,8e-04,72.25,1.538672566,37.892,6.38,0.414
"63","O45",2.8638,19.26,0.3483,NA,3.2792,0.6496,0.1616,NA,NA,0.0275,1.275,NA,NA,0.0025,3e-04,0.0188,0.0095,0.0042,0.0271,0.0017,8e-04,NA,0.0054,NA,0.0012,0.0041,8e-04,72.06,1.558761062,58.583,5.6,1.345
"64","O47",2.9703,20.16,0.3528,NA,3.2757,0.596,0.1452,NA,NA,0.0225,0.9674,0.0013,NA,0.002,NA,0.0174,0.0085,0.0047,0.0243,0.0017,9e-04,NA,0.0054,5e-04,0.0012,0.0046,8e-04,71.43,1.793274336,52.544,4.98,0.579
"65","O5",3.1117,19.16,0.3317,NA,3.6024,0.627,0.1506,NA,NA,0.023,1.0825,NA,NA,0.0021,NA,0.0189,0.0093,0.0031,0.0213,0.0014,9e-04,NA,0.0051,NA,0.0019,0.0039,5e-04,71.84,1.41539823,30.233,4.32,0.947
"66","O6",2.9704,20.08,0.3437,NA,3.4057,0.5358,0.139,0.0115,NA,0.0184,1.1167,NA,NA,0.0022,NA,0.0175,0.0083,0.0038,0.0249,0.0019,7e-04,NA,0.0046,NA,0.0014,0.0041,0.001,71.31,1.720530973,21.056,4.7,0.55
"67","O63",2.9292,19.7,0.3589,NA,3.48,0.5345,0.1124,0.0138,NA,0.0153,0.8036,NA,NA,0.0016,NA,0.0167,0.009,0.0032,0.0172,0.0014,6e-04,NA,0.0042,NA,0.0011,0.0028,6e-04,71.99,1.37539823,33.336,4.88,0.838
"68","O74",2.8614,20.13,0.3533,NA,3.4597,0.5156,0.0983,0.0194,NA,0.0183,0.8098,NA,NA,0.0017,NA,0.0172,0.0086,0.003,0.0219,0.0012,6e-04,NA,0.0035,NA,0.001,0.0032,6e-04,71.67,1.78619469,18.734,5.36,1.157
"69","O78",2.9588,20.05,0.3585,NA,3.5166,0.4539,0.1293,0.019,NA,0.0199,0.8408,NA,NA,0.0017,NA,0.0174,0.0079,0.0033,0.0181,0.0016,7e-04,NA,0.0046,NA,0.0015,0.004,5e-04,71.59,1.569469027,30.853,5.56,1.039
"70","O83",3.0865,19.1,0.3506,NA,3.2736,0.6698,0.1446,NA,NA,0.0275,1.4095,NA,NA,0.0025,NA,0.019,0.0092,0.0035,0.0257,0.0017,0.001,NA,0.005,NA,0.0016,0.0045,8e-04,71.86,NA,35.21,5.73,0.903
"71","O87",3.0482,19.9,0.3564,NA,3.4354,0.5765,0.1214,NA,NA,0.0253,1.0899,NA,NA,0.0021,NA,0.0182,0.0091,0.0031,0.014,0.0014,8e-04,NA,0.0044,NA,0.0014,0.0034,9e-04,71.39,1.717522124,44.406,5.34,0.759
"72","O89",2.9775,20.39,0.3645,NA,3.459,0.4763,0.1299,0.0129,NA,0.0202,0.8806,NA,NA,0.0015,3e-04,0.0166,0.009,0.0032,0.0254,0.0014,7e-04,NA,0.0042,NA,0.0012,0.0048,NA,71.22,1.683097345,37.54,6.66,0.746
"73","O96",2.9113,20.89,0.3595,NA,3.6936,0.3226,0.0749,NA,NA,0.0149,0.7178,NA,NA,0.0011,NA,0.0171,0.0078,0.0021,0.0071,0.001,6e-04,NA,0.0045,NA,9e-04,0.0032,6e-04,70.97,1.80539823,49.005,5.98,1.678
"74","P23",2.7208,17.97,0.3253,NA,2.9592,1.0645,0.1744,0.0112,NA,0.0317,1.6549,NA,NA,0.0034,5e-04,0.0201,0.0095,0.005,0.0191,0.002,9e-04,NA,0.0064,NA,0.002,0.004,0.0012,73.01,1.535,15.036,4.67,1.101
"75","P26",2.6742,19.8,0.3929,NA,2.7776,1.063,0.1662,0.0112,NA,0.0251,1.4024,NA,NA,0.0026,NA,0.0174,0.009,0.0056,0.0303,0.0021,8e-04,NA,0.0059,5e-04,0.0021,0.0054,0.0011,71.6,1.416,5.218,4.83,0.736
"76","P37",2.8405,18.8,0.3663,NA,2.9885,1.0668,0.1934,NA,NA,0.0272,1.5633,0.0013,NA,0.0033,NA,0.0195,0.0092,0.0053,0.0263,0.0021,9e-04,NA,0.0052,NA,0.0025,0.0038,0.0011,72.07,1.718,14.181,4.52,4.384
"77","P39",2.8792,16.74,0.3752,NA,2.8159,1.263,0.2099,NA,NA,0.0438,2.2183,NA,NA,0.0049,NA,0.0226,0.0101,0.0063,0.0297,0.0024,7e-04,NA,0.006,NA,0.0031,0.0043,0.0013,73.37,0.984,20.226,4.7,3.63
"78","P47",3.2195,19.99,0.3788,NA,3.4446,0.8758,0.124,0.0136,NA,0.0255,1.2253,0.0014,NA,0.0026,NA,0.0195,0.0089,0.0043,0.0172,0.0013,7e-04,NA,0.0061,NA,0.0019,0.0036,0.0011,70.63,1.933,23.041,5.7,0.178
"79","P57",3.1647,19.51,0.3758,NA,3.3435,1.0015,0.1323,0.0104,NA,0.0312,1.3246,0.0016,NA,0.0029,NA,0.0206,0.0094,0.0045,0.0164,0.0014,8e-04,NA,0.0061,NA,0.0019,0.005,7e-04,71.04,1.794,22.752,5.73,0.304
"80","P59",2.9327,19.2,0.3705,NA,3.1374,0.9888,0.1411,0.0126,NA,0.0314,1.5738,0.0014,NA,0.003,4e-04,0.0203,0.0092,0.0053,0.0178,0.0017,6e-04,NA,0.0055,6e-04,0.0018,0.0039,6e-04,71.54,1.496,28.457,5.38,0.34
"81","P61",2.9453,18.92,0.3782,NA,3.0776,1.0803,0.1743,0.0104,NA,0.032,1.5958,NA,NA,0.0032,NA,0.0198,0.0091,0.0053,0.0218,0.002,6e-04,NA,0.006,NA,0.002,0.0049,0.0012,71.71,2.248,16.582,4.57,1.248
"82","P62",3.0579,19.04,0.3614,NA,3.271,0.9297,0.1332,0.0145,NA,0.0284,1.3899,NA,NA,0.0027,NA,0.0201,0.0092,0.0047,0.0196,0.0016,7e-04,NA,0.0061,NA,0.0023,0.0043,0.0012,71.7,1.85,20.994,5.44,0.481
"83","P72",2.8165,18.9,0.3692,NA,3.0765,1.0082,0.1574,NA,NA,0.0281,1.5082,NA,NA,0.003,4e-04,0.02,0.0092,0.0056,0.0312,0.0019,0.0011,NA,0.0063,5e-04,0.0017,0.0055,0.001,72.05,2.073,24.88,5.74,0.19
"84","P84",2.9859,19.53,0.3548,NA,3.2967,0.9813,0.146,NA,NA,0.0257,1.3296,NA,NA,0.0023,NA,0.0203,0.009,0.005,0.0163,0.0019,0.001,NA,0.0056,NA,0.0016,0.0051,NA,71.28,1.554,16.718,6.23,0.159
"85","P87",3.0095,19.51,0.3424,NA,3.2147,1.0255,0.155,0.0121,NA,0.0282,1.37,NA,NA,0.0026,NA,0.02,0.0093,0.0046,0.0155,0.0018,9e-04,NA,0.0054,NA,0.0016,0.0041,9e-04,71.26,1.56,18.317,6.39,0.182
"86","P98",2.6527,18.11,0.3087,NA,3.0329,1.089,0.1875,NA,NA,0.0376,2.1179,NA,NA,0.0042,4e-04,0.0237,0.0093,0.0053,0.0235,0.0025,0.0013,NA,0.0057,5e-04,0.0018,0.0052,0.0012,72.38,1.806,25.83,5.92,0.195
"87","S1-11",3.1714,15.73,0.3277,0.0327,2.9646,1.9489,0.3619,0.062,NA,0.0798,3.2258,0.0032,NA,0.0065,0.004,0.0142,0.0142,0.0037,0.0159,0.0014,0.0012,NA,0.0052,NA,0.003,0.0039,NA,72.01,1.948495575,46.47,8.4,0.843
"88","S1-13",3.3332,18.3,0.3395,NA,3.1875,0.7819,0.2458,0.0262,NA,0.0466,2.3107,0.0014,NA,0.0036,0.0019,0.0147,0.0083,0.004,0.0162,0.0012,0.0012,NA,0.0048,NA,0.0019,0.0036,7e-04,71.37,2.145752212,48.35,8.69,0.696
"89","S1-17",4.0591,15.26,0.3805,NA,2.8062,0.983,0.463,0.0519,0.0051,0.0593,4.9225,0.0027,NA,0.012,0.004,0.0131,0.0147,0.0034,0.0199,0.0014,6e-04,NA,0.0066,NA,0.0051,0.0025,7e-04,70.92,1.450530973,42.946,8.32,1.255
"90","S1-18",3.8083,16.84,0.3655,NA,3.0443,1.0325,0.3548,0.0375,NA,0.0585,3.234,0.0014,NA,0.0057,0.0021,0.0136,0.0112,0.0029,0.0143,0.0014,9e-04,NA,0.0057,NA,0.0021,0.0031,6e-04,71.16,1.947522124,59.05,8.42,0.734
"91","S1-19",2.9514,14.02,0.3187,NA,2.0086,5.412,0.3209,0.0269,NA,0.0723,3.6727,0.0029,NA,0.0076,0.0035,0.0105,0.0195,0.0029,0.0178,0.0012,9e-04,NA,0.0047,NA,0.0029,0.0028,NA,71.12,1.777256637,24.727,8.45,0.895
"92","S2-03",3.3366,19.58,0.3282,NA,3.6354,0.5486,0.1521,0.0227,NA,0.044,1.5614,NA,NA,0.0024,0.0012,0.017,0.006,0.0032,0.0108,0.0012,9e-04,NA,0.0052,NA,0.0021,0.0027,NA,70.74,1.868761062,35.586,8.09,0.471
"93","S2-06",3.1291,16.77,0.3318,NA,2.7282,2.6355,0.268,0.0336,NA,0.0536,2.5543,0.002,NA,0.0045,0.0023,0.0129,0.0138,0.0034,0.0172,0.0012,0.0011,NA,0.0045,NA,0.0019,0.0029,NA,71.43,1.594247788,45.052,8.07,0.57
"94","S2-13",3.5854,16.64,0.3962,NA,2.2306,0.4168,0.4022,0.0251,NA,0.0426,3.5745,0.0026,NA,0.0073,0.0053,0.0104,0.0128,0.0029,0.0224,0.0013,9e-04,NA,0.0053,NA,0.0024,0.0027,NA,72.61,1.475044248,19.352,7.6,0.843
"95","S2-14",4.3951,15.74,0.3667,NA,3.0142,0.2592,0.4291,0.0336,NA,0.0523,4.2801,0.0028,NA,0.0094,0.0055,0.0153,0.0093,0.0035,0.0214,0.0018,0.001,NA,0.0065,NA,0.0027,0.0026,NA,71.35,NA,42.961,6.82,1.919
"96","S2-16",3.9717,14.8,0.3553,NA,2.7445,0.75,0.4686,0.0361,NA,0.0653,4.8221,0.0043,NA,0.0114,0.0067,0.0133,0.0133,0.0037,0.0204,0.0017,0.0011,NA,0.0063,NA,0.0038,0.0036,NA,71.9,1.486106195,33.351,8.05,0.71
"97","S2-17",3.1485,16.36,0.3714,NA,2.4061,2.3396,0.33,0.0365,0.0057,0.0542,3.341,0.0034,NA,0.0065,0.0036,0.0117,0.0141,0.0031,0.0174,0.0012,8e-04,NA,0.0048,NA,0.0026,0.0024,0.001,71.54,1.68079646,39.82,8.2,0.783
"98","S3-06",3.1597,19.67,0.3406,NA,3.3392,0.1679,0.1447,0.0194,NA,0.0286,1.5508,NA,NA,0.0026,0.0013,0.0156,0.0058,0.0027,0.0092,0.001,0.001,NA,0.0045,NA,0.002,0.0028,NA,71.53,1.598849558,30.139,5.63,0.833
"99","S3-07a",3.4409,17.27,0.3597,NA,2.5003,0.3361,0.3054,0.0273,NA,0.0308,2.7094,0.0029,NA,0.0045,5e-04,0.0119,0.0104,0.0032,0.0233,0.0013,6e-04,NA,0.0061,NA,0.0015,0.0027,NA,72.95,1.769026549,51.718,6.06,1.681
"100","S3-12",3.1219,18.53,0.3631,NA,2.9079,0.4365,0.2253,0.0209,NA,0.0399,2.1196,0.0019,NA,0.0039,0.0021,0.0134,0.008,0.0037,0.0178,0.0015,9e-04,NA,0.0052,NA,0.0017,0.0026,6e-04,72.17,1.718672566,38.627,7.21,1.029
"101","S3-17",3.2427,18.68,0.3516,NA,3.6548,0.1703,0.1696,0.02,NA,0.0387,1.7982,0.0016,NA,0.0035,0.0014,0.0181,0.0048,0.0035,0.012,0.0012,8e-04,NA,0.0046,NA,0.0034,0.0031,NA,71.81,1.452123894,13.619,5.82,1.071
"102","S3-18",3.9915,15.64,0.3752,NA,2.6247,0.3093,0.4408,0.0275,0.0046,0.0586,4.5892,0.0036,NA,0.01,0.0059,0.013,0.0113,0.004,0.0239,0.0013,8e-04,NA,0.0063,NA,0.0042,0.0034,NA,71.85,1.438230088,47.884,6.62,2.281
"103","S3-20",3.8829,17.3,0.4185,NA,2.5036,0.2635,0.3896,0.0325,NA,0.0489,3.8799,0.0026,NA,0.0079,0.0053,0.0124,0.0107,0.0028,0.0192,0.0015,6e-04,NA,0.0058,NA,0.0024,0.0019,5e-04,71.21,1.716548673,69.54,6.86,1.762
"104","T105",2.6937,18.74,0.4028,NA,2.8033,0.9703,0.1628,0.0112,NA,0.0288,1.5472,NA,NA,0.0033,9e-04,0.0184,0.0096,0.0052,0.0282,0.0021,9e-04,0.0029,0.0055,NA,0.0021,0.0046,0.0011,72.56,1.82,11.495,5.89,0.327
"105","T20",3.429,17.97,0.3783,NA,3.3545,0.7176,0.1774,0.0135,NA,0.027,1.9864,NA,NA,0.0041,0.0052,0.0194,0.0098,0.0042,0.0196,0.0015,8e-04,NA,0.0064,NA,0.0031,0.0035,7e-04,71.86,1.511,20.757,4.47,0.727
"106","T25",3.1374,18.77,0.3822,NA,3.1775,0.8012,0.1588,NA,NA,0.0349,1.7738,NA,NA,0.0041,0.001,0.0202,0.0102,0.0043,0.016,0.0015,6e-04,NA,0.0062,NA,0.0023,0.0042,8e-04,71.7,1.357,20.86,4.82,0.739
"107","T27",3.0167,18.33,0.3766,NA,3.3952,0.7648,0.1447,0.0148,NA,0.0301,1.6102,NA,NA,0.0036,0.0013,0.021,0.0097,0.0046,0.0172,0.0017,0.0011,NA,0.0061,NA,0.0023,0.0044,9e-04,72.24,1.588,23.53,5.15,0.582
"108","T28",3.1144,18.45,0.3739,NA,3.4711,0.7055,0.1346,NA,NA,0.024,1.4028,NA,NA,0.0043,0.0017,0.0206,0.0101,0.0066,0.0144,0.0015,8e-04,NA,0.0059,5e-04,0.0021,0.0038,7e-04,72.25,1.646,16.838,5.6,0.53
"109","T31",3.0963,18.04,0.37,NA,3.2067,0.8303,0.1647,0.0167,NA,0.0361,1.7682,NA,NA,0.0036,7e-04,0.0214,0.0105,0.0045,0.0168,0.0017,0.001,NA,0.0053,NA,0.0025,0.0043,9e-04,72.4,1.677,22.207,5.42,0.475
"110","T41",3.3366,17.27,0.4015,NA,3.6156,0.7418,0.1901,NA,NA,0.0292,2.0962,NA,NA,0.0046,0.0045,0.0227,0.0079,0.0049,0.0225,0.0017,9e-04,NA,0.0066,6e-04,0.003,0.0054,0.0011,72.23,1.527,29.821,4.99,0.565
"111","T42",2.9869,18.22,0.3797,NA,3.1369,0.9137,0.1526,0.0169,NA,0.0303,1.5846,NA,NA,0.003,4e-04,0.0199,0.01,0.0048,0.0197,0.0018,7e-04,NA,0.0053,5e-04,0.0018,0.0039,0.0011,72.51,1.804,22.634,5.9,0.512
"112","T45",3.2723,18.15,0.3956,NA,3.4095,0.8522,0.1764,0.0154,NA,0.0347,1.9448,NA,NA,0.0045,0.0023,0.0233,0.0101,0.0051,0.0174,0.002,9e-04,NA,0.0058,5e-04,0.0025,0.004,9e-04,71.67,1.905,20.61,5.74,0.466
"113","T53",3.2435,17.94,0.3651,NA,3.5225,0.7434,0.1504,0.0136,NA,0.029,1.5827,NA,NA,0.0034,0.0017,0.0214,0.0095,0.0045,0.0153,0.0016,7e-04,NA,0.0052,NA,0.0021,0.0033,0.0011,72.34,1.593,33.106,5.54,0.335
"114","T56",3.109,18.1,0.3842,NA,3.4142,0.8687,0.1692,0.02,NA,0.0332,1.694,NA,NA,0.0038,0.0014,0.0216,0.0104,0.0048,0.0192,0.0018,9e-04,0.003,0.0059,NA,0.0021,0.0048,9e-04,72.13,1.873,20.551,5.51,0.395
"115","T66",3.0061,17.58,0.3399,NA,3.1132,0.7805,0.1625,0.0135,NA,0.0351,1.8463,0.0015,NA,0.0043,0.0014,0.021,0.0097,0.0056,0.0198,0.0018,9e-04,NA,0.0057,NA,0.0026,0.0044,0.0011,73.04,1.811,24.89,5.36,0.668
"116","T69",NA,NA,NA,NA,NA,NA,0.1349,NA,NA,0.0256,1.4356,NA,NA,0.003,NA,0.0181,0.0112,0.0042,0.0203,0.0017,NA,NA,0.0053,NA,0.0026,0.0045,0.0015,98.3315,2.126,17.317,5.99,0.495
"117","T74",3.1161,18.96,0.3893,NA,3.1697,0.8535,0.1697,NA,NA,0.0291,1.5971,0.0012,NA,0.0041,0.001,0.0198,0.0103,0.0048,0.0191,0.0016,9e-04,0.0029,0.0062,6e-04,0.0024,0.0041,0.001,71.63,2.242,20.12,5.61,0.306
"118","T99",3.1549,17.74,0.3634,NA,3.1916,0.7471,0.1821,0.015,NA,0.031,1.8934,0.0016,NA,0.0051,0.0026,0.0209,0.009,0.0045,0.015,0.0019,0.001,NA,0.0061,NA,0.0026,0.0043,9e-04,72.61,1.688,17.759,5.37,0.812
"119","U1-01",2.8928,14.43,0.3562,0.4408,1.1736,0.2304,0.4239,0.0113,NA,0.0065,7.3978,NA,NA,0.004,0.0057,0.0064,0.008,0.0029,0.0393,0.0019,9e-04,NA,0.0051,NA,0.0027,0.0026,6e-04,72.55,1.659817699,43.577,2.94,1.781
"120","U1-02",4.4778,13.6,0.4013,0.4428,1.3509,0.5385,0.572,0.0192,NA,0.0135,7.226,NA,NA,0.0072,0.0033,0.0088,0.0105,0.0033,0.0294,0.0022,8e-04,NA,0.0084,NA,0.0034,0.003,NA,71.27,1.815592035,38.346,2.92,1.424
"121","U1-05",3.7868,12.22,0.3301,0.4347,1.3022,0.5756,0.5369,0.0216,0.0049,0.0126,7.188,NA,NA,0.0073,0.0041,0.0091,0.0111,0.0038,0.027,0.0023,0.0013,NA,0.008,NA,0.0035,0.0038,NA,73.51,1.60699823,55.639,3.23,1.315
"122","U1-06",3.6446,14.39,0.3472,0.3695,1.2433,0.3415,0.4774,0.0164,NA,0.0151,5.9889,NA,NA,0.0051,0.0049,0.0077,0.0098,0.0031,0.0308,0.0021,0.0011,NA,0.0072,NA,0.0027,0.0032,NA,73.08,1.806692035,46.759,2.91,0.931
"123","U1-07",2.4919,18,0.3461,0.0619,1.1265,0.1377,0.4126,NA,NA,0.0113,4.5586,NA,NA,0.0028,0.0055,0.005,0.0064,0.0025,0.0453,0.0017,8e-04,NA,0.0042,NA,0.0016,0.0029,NA,72.78,1.580789381,34.711,3.93,0.882
"124","U2-03",3.9452,15.48,0.4056,0.2533,1.2919,0.3126,0.4873,0.0147,0.0038,0.0144,5.9073,NA,NA,0.0048,0.0069,0.0073,0.0088,0.003,0.0309,0.0021,7e-04,NA,0.0068,NA,0.003,0.0027,NA,71.8,1.468723894,35.635,3.14,0.932
"125","U2-04",3.9188,13.86,0.403,0.3674,1.2788,0.3884,0.5232,0.0206,NA,0.0089,7.2915,NA,NA,0.0071,0.0049,0.0081,0.0096,0.0034,0.0289,0.0021,6e-04,NA,0.0073,NA,0.0036,0.0023,7e-04,71.86,1.661442478,63.617,3.63,1.565
"126","U2-05",3.9531,14.77,0.3791,0.2053,1.3364,0.3783,0.5377,0.0121,NA,0.0161,6.273,NA,NA,0.0055,0.0055,0.0081,0.0088,0.0031,0.0305,0.0022,8e-04,NA,0.007,NA,0.0033,0.0034,6e-04,72.06,1.469043363,37.283,3.89,1.039
"127","U2-18",4.1886,13.88,0.3995,0.365,1.3645,0.384,0.5123,0.0102,NA,0.0074,7.8465,NA,NA,0.0065,0.0061,0.0088,0.0097,0.0032,0.0296,0.0022,7e-04,NA,0.0075,NA,0.0034,0.0029,NA,70.97,1.698661947,51.15,3.15,1.574
"128","U2-20",3.9341,12.54,0.3627,0.3797,1.3404,0.3888,0.5073,0.0168,NA,0.0077,7.7562,NA,NA,0.0067,0.0056,0.0092,0.0106,0.0041,0.0263,0.0022,0.0011,NA,0.0072,NA,0.0031,0.0036,NA,72.69,1.643239823,48.525,3.29,10.679
"129","U3-14",4.288,14.91,0.3774,0.2749,1.1322,0.4791,0.5442,0.013,NA,0.0243,4.8214,NA,NA,0.0051,0.006,0.007,0.0085,0.0031,0.0314,0.0021,8e-04,NA,0.0076,7e-04,0.0024,0.0029,NA,73.06,1.747372566,39.879,3.43,1.424
"130","U3-16",2.8552,11.89,0.3657,0.7953,0.9224,0.1917,0.2782,NA,NA,NA,16.99,NA,NA,0.0034,0.0051,0.0058,0.0062,0.0022,0.0277,0.0012,8e-04,0.0039,0.0033,NA,0.0025,0.0018,NA,65.65,1.446551327,18.377,2.57,3.429
"131","U3-19",3.712,14.58,0.3867,0.27,1.2165,0.3287,0.4858,0.0157,NA,0.015,6.728,NA,NA,0.0059,0.0059,0.0076,0.0086,0.0031,0.0335,0.0021,8e-04,NA,0.006,NA,0.0033,0.0027,NA,72.19,1.772940708,43.17,3.78,2.579
"132","U3-20",4.1153,14.88,0.3806,0.218,1.1492,0.3918,0.5791,NA,NA,0.0172,5.827,NA,NA,0.0067,0.0051,0.0072,0.0094,0.0036,0.0312,0.0022,9e-04,NA,0.0071,NA,0.0027,0.003,NA,72.36,1.286127434,20.024,3.86,1.965
"133","U4-02",3.0825,16.14,0.3823,0.1682,1.2283,0.2103,0.4087,0.0127,NA,0.0126,5.2143,NA,NA,0.004,0.0079,0.0064,0.0072,0.0026,0.0313,0.0018,0.0016,NA,0.0054,NA,0.0024,0.0028,NA,73.07,2.083277876,50.395,3.16,1.714
"134","U4-10",4.3098,13.83,0.3815,0.1289,1.335,0.3521,0.5338,0.0223,0.0055,0.0168,7.0675,NA,NA,0.0095,0.0077,0.0085,0.0091,0.0034,0.026,0.0023,8e-04,NA,0.0083,NA,0.0039,0.002,NA,71.93,1.291553097,32.997,4.54,2.061
"135","U4-17a",4.4905,12.67,0.3598,0.1174,1.3617,0.3527,0.5674,0.0169,NA,0.0249,6.6331,NA,NA,0.0111,0.0035,0.0094,0.0114,0.0039,0.0244,0.0023,9e-04,NA,0.0086,NA,0.0036,0.0031,NA,73.32,1.14270354,0.464,3.86,3.852
"136","U4-18",4.6746,14.56,0.4388,0.1431,1.3262,0.3251,0.5366,0.0176,NA,0.0225,6.4055,NA,NA,0.0086,0.0054,0.0082,0.0099,0.0036,0.0274,0.002,7e-04,NA,0.0081,NA,0.0034,0.0028,NA,71.47,1.55010531,33.626,4.28,2.337
"137","Y1-01",3.6876,13.4,0.357,0.1322,1.7569,1.2498,0.4091,0.0121,NA,0.0929,7.3992,0.002,0.0279,0.0266,0.033,0.0117,0.0172,0.0028,0.0309,0.0018,0.0063,NA,0.0061,NA,0.0089,0.0036,0.0011,71.31,1.495486726,49.667,4.14,2.067
"138","Y1-06",3.5374,13.72,0.3464,0.2908,1.4326,0.387,0.3956,0.0191,NA,0.0315,6.4649,NA,0.0027,0.0058,0.0178,0.0082,0.0096,0.0027,0.032,0.0016,0.0018,NA,0.0062,NA,0.0052,0.0033,6e-04,73.28,1.461131858,39.31,3.21,1.848
"139","Y1-20",3.9425,13.77,0.3857,0.2315,1.4567,0.3986,0.4268,0.0154,NA,0.0249,6.669,NA,0.0026,0.005,0.0132,0.0091,0.0108,0.0027,0.0281,0.0016,0.0023,NA,0.006,NA,0.0042,0.0031,NA,72.59,1.664707965,45.555,3.21,1.489
"140","Y1-22",3.7135,14,0.371,0.2901,1.5104,0.2538,0.4413,0.0163,NA,0.0277,5.9402,NA,NA,0.0035,0.0092,0.0089,0.0081,0.0027,0.0371,0.0016,0.0013,NA,0.0063,5e-04,0.0037,0.003,NA,73.35,1.520976106,40.869,3.06,1.251
"141","Y1-24",3.189,13.83,0.3666,0.2032,1.3683,1.0058,0.3061,0.0165,NA,0.0324,6.3278,NA,0.0045,0.0061,0.0173,0.0082,0.0173,0.0018,0.0245,0.0015,0.0032,NA,0.0041,NA,0.0042,0.003,NA,73.26,1.706820354,30.622,3.27,1.787
"142","Y2-09",3.107,13.65,0.3928,0.1628,1.3622,0.3039,0.3697,0.0164,NA,0.0338,8.0098,NA,0.0043,0.0094,0.0206,0.0087,0.007,0.0025,0.0287,0.0016,0.0015,NA,0.0047,NA,0.0042,0.0018,NA,72.5,1.63499469,50.696,3.06,3.819
"143","Y2-14",3.6876,13.89,0.3753,0.1647,1.4536,0.3423,0.4301,0.0135,NA,0.0286,6.4673,NA,0.0017,0.0057,0.0177,0.009,0.0093,0.0026,0.0313,0.0016,0.0012,NA,0.0062,NA,0.0046,0.0028,NA,73.05,1.675299115,38.356,3.21,1.379
"144","Y2-16",3.3355,14.6,0.439,0.3517,1.1886,0.3903,0.3677,0.0143,NA,0.0244,5.5932,NA,0.0015,0.0045,0.0175,0.0071,0.0105,0.0022,0.0335,0.0012,4e-04,NA,0.005,NA,0.0041,0.0019,NA,73.61,2.199982301,44.902,NA,0.982
"145","Y2-21",3.4475,13.93,0.3572,0.2093,1.4164,0.5575,0.4203,0.0092,NA,0.0298,6.0723,NA,0.0038,0.006,0.0172,0.0086,0.0117,0.0025,0.0311,0.0017,0.0017,NA,0.006,6e-04,0.007,0.003,NA,73.45,1.609747788,47.399,3.31,1.843
"146","Y2-26",3.5274,13.22,0.3715,0.2049,1.5225,0.1284,0.4339,0.0192,NA,0.0216,6.9809,NA,0.0016,0.0066,0.0382,0.0096,0.007,0.0025,0.0361,0.0019,9e-04,NA,0.0056,NA,0.0031,0.0027,7e-04,73.45,1.544176991,30.657,NA,2.152
"147","Y3-02",2.9851,15.37,0.3857,0.2327,1.195,0.8055,0.3944,0.0103,NA,0.0339,5.0267,NA,0.0032,0.0054,0.0122,0.0066,0.0132,0.002,0.0377,0.0014,9e-04,NA,0.0047,NA,0.0099,0.002,NA,73.46,1.662065487,32.923,3.63,1.479
"148","Y3-06",3.5335,14.59,0.3879,0.1186,1.4661,0.2762,0.4028,0.0164,NA,0.0259,5.5587,NA,0.0021,0.0062,0.0218,0.0083,0.009,0.0026,0.0363,0.0016,7e-04,NA,0.0057,NA,0.0034,0.0017,NA,73.52,1.363553982,28.634,3.85,2.022
"149","Y3-10",3.7728,15.15,0.4024,0.1578,1.4274,0.3325,0.4357,0.0168,NA,0.0276,5.7237,NA,0.0016,0.0053,0.0114,0.0084,0.0092,0.0023,0.0348,0.0016,0.0012,NA,0.0056,NA,0.0046,0.0025,NA,72.46,1.373481416,23.192,3.42,2.423
"150","Y3-18",3.8222,15.21,0.394,0.076,1.5594,0.2917,0.4321,0.0151,NA,0.0249,5.7036,NA,0.0019,0.0059,0.0224,0.0085,0.0095,0.0023,0.0341,0.0017,7e-04,NA,0.0051,NA,0.0034,0.003,NA,72.37,1.396113274,17.724,4.12,1.762
"151","Y4-06",3.2,15.45,0.3709,0.0983,1.1265,0.2233,0.3795,0.0121,NA,0.0304,4.6521,NA,0.0014,0.0053,0.0149,0.0059,0.0071,0.0026,0.0417,0.0014,0.001,NA,0.0043,NA,0.0026,0.002,NA,74.37,1.595924779,27.511,4.21,2.204
"152","Y4-12",2.9018,15.56,0.3521,0.0907,1.2844,0.7548,0.3974,0.0144,NA,0.04,4.4736,NA,0.0026,0.0059,0.0087,0.0072,0.0119,0.0021,0.0319,0.0015,0.0011,0.0034,0.0053,NA,0.0034,0.0028,NA,74.04,1.477321239,28.594,4.17,1.84
"153","Y4-24",3.2579,14.78,0.3709,0.1269,1.2143,0.3639,0.4757,0.0141,NA,0.0287,5.7903,NA,0.002,0.0059,0.0204,0.0073,0.0104,0.003,0.0504,0.0019,0.001,NA,0.0059,NA,0.0028,0.0026,6e-04,73.46,1.513860177,21.807,3.7,2.452
"154","Y4-27",3.2787,16.11,0.3777,0.1307,1.3167,0.8085,0.4048,0.0115,NA,0.0348,4.6443,NA,0.0025,0.0058,0.0103,0.0072,0.0141,0.0021,0.0323,0.0017,0.0013,NA,0.0055,8e-04,0.0068,0.0026,6e-04,72.79,1.382560177,27.058,3.91,1.645
"155","Y4-29",3.5175,14.45,0.4018,0.1628,1.3845,0.3512,0.4217,0.0157,NA,0.0268,6.0412,NA,0.0017,0.0049,0.0135,0.008,0.009,0.0025,0.0383,0.0016,0.001,NA,0.0055,NA,0.0039,0.0028,NA,73.14,1.692002655,35.936,3.5,2.481
